{
    "firefox": {
        "default": "57.0",
        "versions": {
            "57.0": {
                "image": "selenoid/vnc:firefox_57.0",
                "port": "4444",
                "path": "/wd/hub"
            }
        },
        "versions": {
            "83.0": {
                "image": "selenoid/vnc:firefox_83.0",
                "port": "4444",
                "path": "/wd/hub"
            }
        },
        "versions": {
            "116.0": {
                "image": "selenoid/vnc:firefox_116.0",
                "port": "4444",
                "path": "/wd/hub"
            }
        },
        "versions": {
            "117.0": {
                "image": "selenoid/vnc:firefox_117.0",
                "port": "4444",
                "path": "/wd/hub"
            }
        }
    },
    "chrome": {
        "default": "latest",
        "versions": {
            "79.0": {
                "image": "selenoid/vnc:chrome_79.0",
                "port": "4444",
                "path": "/"
            }
        },
        "versions": {
            "90.0": {
                "image": "selenoid/vnc:chrome_90.0",
                "port": "4444",
                "path": "/"
            }
        },
        "versions": {
            "113.0": {
                "image": "selenoid/vnc:chrome_113.0",
                "port": "4444",
                "path": "/"
            }
        },
        "versions": {
            "111.0": {
                "image": "selenoid/vnc:chrome_111.0",
                "port": "4444",
                "path": "/"
            }
        },
        "versions": {
            "119.0": {
                "image": "selenoid/vnc:chrome_119.0",
                "port": "4444",
                "path": "/"
            }
        }
    }
}